url,title,date_published,author,coins,content
https://cryptonews.net/news/finance/30203892/,No title found,2024-12-10T04:20:00+00:00,No author found,[],No content found
https://cryptonews.net/news/bitcoin/30203894/,No title found,2024-12-10T04:18:00+00:00,No author found,[],No content found
https://cryptonews.net/news/bitcoin/30203677/,No title found,2024-12-10T04:08:00+00:00,No author found,[],No content found
https://cryptonews.net/news/analytics/30203840/,No title found,2024-12-10T04:01:00+00:00,No author found,[],No content found
https://cryptonews.net/news/analytics/30203855/,No title found,2024-12-10T04:00:00+00:00,No author found,[],No content found
https://cryptonews.net/news/analytics/30203729/,No title found,2024-12-10T03:55:00+00:00,No author found,[],No content found
https://cryptonews.net/news/analytics/30203651/,No title found,2024-12-10T02:30:00+00:00,No author found,[],No content found
https://cryptonews.net/news/ethereum/30203600/,No title found,2024-12-10T02:20:00+00:00,No author found,[],No content found
https://cryptonews.net/news/bitcoin/30203565/,No title found,2024-12-10T02:00:00+00:00,No author found,[],No content found
https://cryptonews.net/news/legal/30203542/,No title found,2024-12-10T01:55:00+00:00,No author found,[],No content found
https://cryptonews.net/news/bitcoin/30203609/,No title found,2024-12-10T01:33:00+00:00,No author found,[],No content found
https://cryptonews.net/news/finance/30203238/,No title found,2024-12-10T01:28:00+00:00,No author found,[],No content found
https://cryptonews.net/news/bitcoin/30203233/,No title found,2024-12-10T01:10:00+00:00,No author found,[],No content found
https://cryptonews.net/news/legal/30203236/,No title found,2024-12-10T00:55:00+00:00,No author found,[],No content found
https://cryptonews.net/news/bitcoin/30203562/,No title found,2024-12-10T00:53:00+00:00,No author found,[],No content found
https://cryptonews.net/news/analytics/30203082/,No title found,2024-12-10T00:50:00+00:00,No author found,[],No content found
https://cryptonews.net/news/bitcoin/30203481/,No title found,2024-12-10T00:20:00+00:00,No author found,[],No content found
https://cryptonews.net/news/analytics/30203475/,No title found,2024-12-10T00:18:00+00:00,No author found,[],No content found
https://cryptonews.net/news/altcoins/30203323/,No title found,2024-12-10T00:00:00+00:00,No author found,[],No content found
https://cryptonews.net/news/analytics/30203408/,No title found,2024-12-09T23:48:00+00:00,No author found,[],No content found
https://cryptonews.net/news/bitcoin/30203379/,No title found,2024-12-09T23:45:00+00:00,No author found,[],No content found
https://cryptonews.net/news/ethereum/30203447/,No title found,2024-12-09T23:24:00+00:00,No author found,[],No content found
https://cryptonews.net/news/analytics/30203270/,No title found,2024-12-09T23:15:00+00:00,No author found,[],No content found
https://cryptonews.net/news/market/30203160/,No title found,2024-12-09T22:27:00+00:00,No author found,[],No content found
https://cryptonews.net/news/finance/30203271/,No title found,2024-12-09T22:20:00+00:00,No author found,[],No content found
https://cryptonews.net/news/altcoins/30203116/,No title found,2024-12-09T21:51:00+00:00,No author found,[],No content found
https://cryptonews.net/news/analytics/30203113/,No title found,2024-12-09T21:50:00+00:00,No author found,[],No content found
https://cryptonews.net/news/finance/30203012/,No title found,2024-12-09T21:49:00+00:00,No author found,[],No content found
https://cryptonews.net/news/analytics/30202993/,No title found,2024-12-09T21:48:00+00:00,No author found,[],No content found
https://cryptonews.net/news/blockchain/30203029/,No title found,2024-12-09T21:48:00+00:00,No author found,[],No content found
https://cryptonews.net/news/market/30202966/,No title found,2024-12-09T21:47:00+00:00,No author found,[],No content found
https://cryptonews.net/news/bitcoin/30202938/,No title found,2024-12-09T21:44:00+00:00,No author found,[],No content found
https://cryptonews.net/news/analytics/30203055/,No title found,2024-12-09T21:43:00+00:00,No author found,[],No content found
https://cryptonews.net/news/mining/30202897/,No title found,2024-12-09T21:41:00+00:00,No author found,[],No content found
https://cryptonews.net/news/finance/30202126/,No title found,2024-12-09T21:40:00+00:00,No author found,[],No content found
https://cryptonews.net/news/analytics/30202130/,No title found,2024-12-09T21:35:00+00:00,No author found,[],No content found
https://cryptonews.net/news/analytics/30202080/,No title found,2024-12-09T21:33:00+00:00,No author found,[],No content found
https://cryptonews.net/news/other/30203155/,No title found,2024-12-09T21:31:00+00:00,No author found,[],No content found
https://cryptonews.net/news/finance/30202026/,No title found,2024-12-09T21:30:00+00:00,No author found,[],No content found
https://cryptonews.net/news/altcoins/30202814/,No title found,2024-12-09T21:29:00+00:00,No author found,[],No content found
https://cryptonews.net/news/analytics/30202829/,No title found,2024-12-09T21:28:00+00:00,No author found,[],No content found
https://cryptonews.net/news/defi/30203130/,No title found,2024-12-09T21:24:00+00:00,No author found,[],No content found
https://cryptonews.net/news/legal/30202826/,No title found,2024-12-09T21:19:00+00:00,No author found,[],No content found
https://cryptonews.net/news/market/30202268/,No title found,2024-12-09T21:16:00+00:00,No author found,[],No content found
https://cryptonews.net/news/ethereum/30202811/,No title found,2024-12-09T21:15:00+00:00,No author found,[],No content found
https://cryptonews.net/news/analytics/30202876/,No title found,2024-12-09T21:15:00+00:00,No author found,[],No content found
https://cryptonews.net/news/legal/30202879/,No title found,2024-12-09T21:13:00+00:00,No author found,[],No content found
https://cryptonews.net/news/finance/30203112/,No title found,2024-12-09T21:12:00+00:00,No author found,[],No content found
https://cryptonews.net/news/analytics/30203079/,No title found,2024-12-09T20:59:00+00:00,No author found,[],No content found
https://cryptonews.net/news/mining/30202854/,No title found,2024-12-09T20:54:00+00:00,No author found,[],No content found
https://cryptonews.net/news/altcoins/30202851/,No title found,2024-12-09T20:20:00+00:00,No author found,[],No content found
https://cryptonews.net/news/analytics/30202732/,No title found,2024-12-09T20:19:00+00:00,No author found,[],No content found
https://cryptonews.net/news/defi/30202029/,No title found,2024-12-09T20:15:00+00:00,No author found,[],No content found
https://cryptonews.net/news/analytics/30202603/,No title found,2024-12-09T20:01:00+00:00,No author found,[],No content found
https://cryptonews.net/news/bitcoin/30202730/,No title found,2024-12-09T19:58:00+00:00,No author found,[],No content found
https://cryptonews.net/news/market/30202715/,No title found,2024-12-09T19:56:00+00:00,No author found,[],No content found
https://cryptonews.net/news/market/30202582/,No title found,2024-12-09T19:55:00+00:00,No author found,[],No content found
https://cryptonews.net/news/other/30202714/,No title found,2024-12-09T19:54:00+00:00,No author found,[],No content found
https://cryptonews.net/news/other/30202365/,No title found,2024-12-09T19:53:00+00:00,No author found,[],No content found
https://cryptonews.net/news/bitcoin/30202796/,No title found,2024-12-09T19:51:00+00:00,No author found,[],No content found
https://cryptonews.net/news/analytics/30201734/,No title found,2024-12-09T19:39:00+00:00,No author found,[],No content found
https://cryptonews.net/news/bitcoin/30201738/,No title found,2024-12-09T19:37:00+00:00,No author found,[],No content found
https://cryptonews.net/news/analytics/30201744/,No title found,2024-12-09T19:36:00+00:00,No author found,[],No content found
https://cryptonews.net/news/altcoins/30201767/,No title found,2024-12-09T19:35:00+00:00,No author found,[],No content found
https://cryptonews.net/news/analytics/30201602/,No title found,2024-12-09T19:32:00+00:00,No author found,[],No content found
https://cryptonews.net/news/altcoins/30202277/,No title found,2024-12-09T19:30:00+00:00,No author found,[],No content found
https://cryptonews.net/news/bitcoin/30202706/,No title found,2024-12-09T19:28:00+00:00,No author found,[],No content found
https://cryptonews.net/news/blockchain/30202702/,No title found,2024-12-09T19:27:00+00:00,No author found,[],No content found
https://cryptonews.net/news/analytics/30202529/,No title found,2024-12-09T19:27:00+00:00,No author found,[],No content found
https://cryptonews.net/news/analytics/30202510/,No title found,2024-12-09T19:25:00+00:00,No author found,[],No content found
https://cryptonews.net/news/legal/30202450/,No title found,2024-12-09T19:24:00+00:00,No author found,[],No content found
https://cryptonews.net/news/analytics/30202689/,No title found,2024-12-09T19:21:00+00:00,No author found,[],No content found
https://cryptonews.net/news/finance/30202685/,No title found,2024-12-09T19:20:00+00:00,No author found,[],No content found
https://cryptonews.net/news/legal/30202471/,No title found,2024-12-09T19:19:00+00:00,No author found,[],No content found
https://cryptonews.net/news/bitcoin/30202403/,No title found,2024-12-09T19:18:00+00:00,No author found,[],No content found
https://cryptonews.net/news/bitcoin/30202363/,No title found,2024-12-09T19:17:00+00:00,No author found,[],No content found
https://cryptonews.net/news/blockchain/30202120/,No title found,2024-12-09T19:16:00+00:00,No author found,[],No content found
https://cryptonews.net/news/analytics/30202006/,No title found,2024-12-09T19:14:00+00:00,No author found,[],No content found
https://cryptonews.net/news/altcoins/30202528/,No title found,2024-12-09T19:14:00+00:00,No author found,[],No content found
https://cryptonews.net/news/analytics/30202535/,No title found,2024-12-09T19:11:00+00:00,No author found,[],No content found
https://cryptonews.net/news/analytics/30202003/,No title found,2024-12-09T19:03:00+00:00,No author found,[],No content found
https://cryptonews.net/news/bitcoin/30202646/,No title found,2024-12-09T19:02:00+00:00,No author found,[],No content found
https://cryptonews.net/news/analytics/30202627/,No title found,2024-12-09T18:57:00+00:00,No author found,[],No content found
https://cryptonews.net/news/bitcoin/30201895/,No title found,2024-12-09T18:49:00+00:00,No author found,[],No content found
https://cryptonews.net/news/altcoins/30201835/,No title found,2024-12-09T18:20:00+00:00,No author found,[],No content found
https://cryptonews.net/news/analytics/30201764/,No title found,2024-12-09T18:19:00+00:00,No author found,[],No content found
https://cryptonews.net/news/bitcoin/30201681/,No title found,2024-12-09T18:16:00+00:00,No author found,[],No content found
https://cryptonews.net/news/analytics/30202428/,No title found,2024-12-09T18:15:00+00:00,No author found,[],No content found
https://cryptonews.net/news/analytics/30202423/,No title found,2024-12-09T18:12:00+00:00,No author found,[],No content found
https://cryptonews.net/news/analytics/30202426/,No title found,2024-12-09T18:11:00+00:00,No author found,[],No content found
https://cryptonews.net/news/altcoins/30201651/,No title found,2024-12-09T18:04:00+00:00,No author found,[],No content found
https://cryptonews.net/news/altcoins/30202422/,No title found,2024-12-09T18:01:00+00:00,No author found,[],No content found
https://cryptonews.net/news/blockchain/30201404/,No title found,2024-12-09T17:10:00+00:00,No author found,[],No content found
https://cryptonews.net/news/finance/30201386/,No title found,2024-12-09T17:08:00+00:00,No author found,[],No content found
https://cryptonews.net/news/bitcoin/30201770/,No title found,2024-12-09T17:05:00+00:00,No author found,[],No content found
https://cryptonews.net/news/analytics/30201329/,No title found,2024-12-09T17:01:00+00:00,No author found,[],No content found
https://cryptonews.net/news/mining/30201725/,No title found,2024-12-09T17:00:00+00:00,No author found,[],No content found
https://cryptonews.net/news/analytics/30201343/,No title found,2024-12-09T16:59:00+00:00,No author found,[],No content found
https://cryptonews.net/news/analytics/30201922/,No title found,2024-12-09T16:54:00+00:00,No author found,[],No content found
https://cryptonews.net/news/analytics/30201785/,No title found,2024-12-09T16:43:00+00:00,No author found,[],No content found
